META,OBJETIVO,DESCRIPTION,sdg,initial,end
1.1.1.,"Objetivo 1.- Incrementar y fomentar, de manera inclusiva, las oportunidades de empleo y las condiciones laborales","Meta 1.1.1. Incrementar la tasa de empleo adecuado del 30,41% al 50,00%.",8.5,2021,2025
1.1.2.,"Objetivo 1.- Incrementar y fomentar, de manera inclusiva, las oportunidades de empleo y las condiciones laborales","Meta 1.1.2. Reducir la tasa de desempleo juvenil (entre 18 y 29 años) de 10,08% a 8,17%.",8.6,2021,2025
1.1.3.,"Objetivo 1.- Incrementar y fomentar, de manera inclusiva, las oportunidades de empleo y las condiciones laborales","Meta 1.1.3. Incrementar el porcentaje de personas empleadas mensualmente en actividades artísticas y culturales del 5,19% al 6,00%.",,2021,2025
1.1.4.,"Objetivo 1.- Incrementar y fomentar, de manera inclusiva, las oportunidades de empleo y las condiciones laborales",Meta 1.1.4. Aumentar el número de personas con discapacidad y/o sustitutos insertados en el sistema laboral de 70.273 a 74.547.,8.5,2021,2025
1.1.5.,"Objetivo 1.- Incrementar y fomentar, de manera inclusiva, las oportunidades de empleo y las condiciones laborales","Meta 1.1.5. Incrementar para el 2025 la tasa acumulada de acceso al menos a la clase media en 30,39%",,2021,2025
2.1.1.,"Objetivo 2.- Impulsar un sistema económico con reglas claras que fomente el comercio exterior, turismo, atracción de inversiones y modernización del sistema financiero nacional","Meta 2.1.1. Incrementar las exportaciones alta, media, baja intensidad tecnológica per cápita de 42,38 al 51,31.",,2021,2025
2.1.2.,"Objetivo 2.- Impulsar un sistema económico con reglas claras que fomente el comercio exterior, turismo, atracción de inversiones y modernización del sistema financiero nacional","Meta 2.1.2. Incrementar la participación de las exportaciones no tradicionales en las exportaciones no petroleras totales del 41,16% al 48,36%.",,2021,2025
2.2.1.,"Objetivo 2.- Impulsar un sistema económico con reglas claras que fomente el comercio exterior, turismo, atracción de inversiones y modernización del sistema financiero nacional",Meta 2.2.1. Incrementar la recaudación tributaria anual del sector minero de USD 40.283.952 a USD 248.040.057.,,2021,2025
2.2.2.,"Objetivo 2.- Impulsar un sistema económico con reglas claras que fomente el comercio exterior, turismo, atracción de inversiones y modernización del sistema financiero nacional",Meta 2.2.2. Incrementar las exportaciones mineras anuales de USD 921.935.961 a USD 4.040.016.198.,,2021,2025
2.2.3.,"Objetivo 2.- Impulsar un sistema económico con reglas claras que fomente el comercio exterior, turismo, atracción de inversiones y modernización del sistema financiero nacional","Meta 2.2.3. Incrementar el mantenimiento de la red vial estatal con modelos de gestión sostenible del 17,07% al 40%.",,2021,2025
2.2.4.,"Objetivo 2.- Impulsar un sistema económico con reglas claras que fomente el comercio exterior, turismo, atracción de inversiones y modernización del sistema financiero nacional","Meta 2.2.4. Incrementar la Inversión Extranjera Directa de USD 1.189,83 millones a USD 2.410,17 millones.",,2021,2025
2.2.5.,"Objetivo 2.- Impulsar un sistema económico con reglas claras que fomente el comercio exterior, turismo, atracción de inversiones y modernización del sistema financiero nacional",Meta 2.2.5. Aumentar las solicitudes de patentes nacionales presentadas de 64 a 93.,9.7,2021,2025
2.2.6 ,"Objetivo 2.- Impulsar un sistema económico con reglas claras que fomente el comercio exterior, turismo, atracción de inversiones y modernización del sistema financiero nacional","Meta 2.2.6 Incrementar la Inversión Privada Nacional y Extranjera de USD 1.676,90 millones a USD 7.104,68 millones. (USD 23,5 miles de millones acumulados)",,2021,2025
2.2.7 ,"Objetivo 2.- Impulsar un sistema económico con reglas claras que fomente el comercio exterior, turismo, atracción de inversiones y modernización del sistema financiero nacional",Meta 2.2.7 Incrementar el volumen de producción de hidrocarburos de 516.083 BEP a 1 millón de BEP hasta el año 2025,,2021,2025
2.3.1.,"Objetivo 2.- Impulsar un sistema económico con reglas claras que fomente el comercio exterior, turismo, atracción de inversiones y modernización del sistema financiero nacional","Meta 2.3.1. Aumentar el ingreso de divisas por concepto de turismo receptor de USD 704,67 millones a USD 2.434,60 millones.",,2021,2025
2.3.2.,"Objetivo 2.- Impulsar un sistema económico con reglas claras que fomente el comercio exterior, turismo, atracción de inversiones y modernización del sistema financiero nacional",Meta 2.3.2. Incrementar las llegadas de extranjeros no residentes al país de 468.894 en 2020 a 2.000.000 en 2025.,,2021,2025
2.3.3.,"Objetivo 2.- Impulsar un sistema económico con reglas claras que fomente el comercio exterior, turismo, atracción de inversiones y modernización del sistema financiero nacional",Meta 2.3.3. Aumentar el empleo en las principales actividades turísticas de 460.498 a 495.820.,,2021,2025
2.4.1.,"Objetivo 2.- Impulsar un sistema económico con reglas claras que fomente el comercio exterior, turismo, atracción de inversiones y modernización del sistema financiero nacional","Meta 2.4.1. Incrementar del 1,49% al 1,80% la contribución de las actividades culturales en el Producto Interno Bruto.",,2021,2025
2.4.2.,"Objetivo 2.- Impulsar un sistema económico con reglas claras que fomente el comercio exterior, turismo, atracción de inversiones y modernización del sistema financiero nacional","Meta 2.4.2. Incrementar el número de nuevas obras artísticas culturales certificadas al año, en derechos de autor y derechos conexos de 2.429 a 3.912.",,2021,2025
2.4.3.,"Objetivo 2.- Impulsar un sistema económico con reglas claras que fomente el comercio exterior, turismo, atracción de inversiones y modernización del sistema financiero nacional","Meta 2.4.3. Incrementar el porcentaje de contribución de importaciones en bienes de uso artístico y cultural en las importaciones totales del país de 9,33% a 10,69%.",,2021,2025
3.1.1.,"Objetivo 3.- Fomentar la productividad y competitividad en los sectores agrícola, industrial, acuícola y pesquero, bajo el enfoque de la economía circular","Meta 3.1.1. Incrementar el Valor Agregado Bruto (VAB) manufacturero sobre VAB primario de 1,13 al 1,24.",,2021,2025
3.1.2.,"Objetivo 3.- Fomentar la productividad y competitividad en los sectores agrícola, industrial, acuícola y pesquero, bajo el enfoque de la economía circular","Meta 3.1.2. Aumentar el rendimiento de la productividad agrícola nacional de 117,78 a 136,85 tonelada/Hectárea (t/Ha).",,2021,2025
3.1.3.,"Objetivo 3.- Fomentar la productividad y competitividad en los sectores agrícola, industrial, acuícola y pesquero, bajo el enfoque de la economía circular","Meta 3.1.3. Incrementar las exportaciones agropecuarias y agroindustriales del 13,35% al 17,67%.",,2021,2025
3.1.4.,"Objetivo 3.- Fomentar la productividad y competitividad en los sectores agrícola, industrial, acuícola y pesquero, bajo el enfoque de la economía circular","Meta 3.1.4. Aumentar la tasa de cobertura con riego tecnificado parcelario para pequeños y medianos productores del 15,86% al 38,88%.",,2021,2025
3.1.5.,"Objetivo 3.- Fomentar la productividad y competitividad en los sectores agrícola, industrial, acuícola y pesquero, bajo el enfoque de la economía circular","Meta 3.1.5. Incrementar el Valor Agregado Bruto (VAB) acuícola y pesquero de camarón sobre VAB primario del 11,97% al 13,28%.",,2021,2025
3.1.6.,"Objetivo 3.- Fomentar la productividad y competitividad en los sectores agrícola, industrial, acuícola y pesquero, bajo el enfoque de la economía circular","Meta 3.1.6. Reducir el Valor Agregado Bruto (VAB) Pesca (excepto de camarón) sobre VAB primario del 7,00% al 6,73%.",,2021,2025
3.1.7.,"Objetivo 3.- Fomentar la productividad y competitividad en los sectores agrícola, industrial, acuícola y pesquero, bajo el enfoque de la economía circular",Meta 3.1.7. Incrementar el valor agregado por manufactura per cápita de 879 a 1.065.,,2021,2025
3.2.1.,"Objetivo 3.- Fomentar la productividad y competitividad en los sectores agrícola, industrial, acuícola y pesquero, bajo el enfoque de la economía circular","Meta 3.2.1. Incrementar de 85,97% al 86,85% la participación de los alimentos producidos en el país en el consumo de los hogares ecuatorianos.",,2021,2025
3.3.1.,"Objetivo 3.- Fomentar la productividad y competitividad en los sectores agrícola, industrial, acuícola y pesquero, bajo el enfoque de la economía circular","Meta 3.3.1. Incrementar del 4% al 25% el porcentaje de productores asociados, registrados como Agricultura Familiar Campesina que se vinculan a sistemas de comercialización.",,2021,2025
3.3.2.,"Objetivo 3.- Fomentar la productividad y competitividad en los sectores agrícola, industrial, acuícola y pesquero, bajo el enfoque de la economía circular",Meta 3.3.2. Incrementar en 2.750 mujeres rurales que se desempeñan como promotoras de sistemas de producción sostenibles.,,2021,2025
4.1.1.,Objetivo 4.- Garantizar la gestión de las finanzas públicas de manera sostenible y transparente,"Meta 4.1.1. Reducir de 78,22% a 76,02% los gastos primarios del Gobierno respecto al Presupuesto General del Estado",,2021,2025
4.2.1.,Objetivo 4.- Garantizar la gestión de las finanzas públicas de manera sostenible y transparente,"Meta 4.2.1. Incrementar de 32,91% a 35% la proporción del Presupuesto General del Estado financiados por impuestos internos",,2021,2025
4.2.2.,Objetivo 4.- Garantizar la gestión de las finanzas públicas de manera sostenible y transparente,"Meta 4.2.2. Incrementar de 30,64% a 32,61% los ingresos de autogestión respecto a los ingresos totales de los GAD",,2021,2025
4.3.1.,Objetivo 4.- Garantizar la gestión de las finanzas públicas de manera sostenible y transparente,"Meta 4.3.1. Aumentar de 66,67% a 91,67% las empresas públicas en operación con EBITDA (por sus siglas en inglés: Earnings Before Interests, Tax, Depreciation and Amortization) positivo.",,2021,2025
4.4.1.,Objetivo 4.- Garantizar la gestión de las finanzas públicas de manera sostenible y transparente,"Meta 4.4.1. Reducir de 60,7% a 57% la deuda pública y otras obligaciones de pago con relación al Producto Interno Bruto",,2021,2025
4.5.1.,Objetivo 4.- Garantizar la gestión de las finanzas públicas de manera sostenible y transparente,"Meta 4.5.1. Alcanzar un superávit global de SPNF a 2025 de 0,35% del PIB",,2021,2025
4.5.2.,Objetivo 4.- Garantizar la gestión de las finanzas públicas de manera sostenible y transparente,Meta 4.5.2. Alcanzar un crecimiento anual del Producto Interno Bruto del 5% en el 2025,,2021,2025
4.6.1.,Objetivo 4.- Garantizar la gestión de las finanzas públicas de manera sostenible y transparente,Meta 4.6.1. Incrementar el porcentaje promedio de cobertura de pasivos del primer sistema de balance del Banco Central del Ecuador respecto a las Reservas Internacionales del 88% al 97%.,,2021,2025
10.1.1,"Objetivo 10.- Garantizar la soberanía nacional, integridad territorial y seguridad del Estado","10.1.1 Incrementar el índice de ciberseguridad global de 26,3 a 51,3.",,2021,2025
9.1.1.,"Objetivo 9.- Garantizar la seguridad ciudadana, orden público y gestión de riesgos",9.1.1. Disminuir la tasa de homicidios intencionales de 106 a 100 por cada 1.000.000 habitantes.,16.1,2021,2025
9.1.2.,"Objetivo 9.- Garantizar la seguridad ciudadana, orden público y gestión de riesgos","9.1.2. Incrementar el porcentaje de efectividad de las investigaciones, con investigación previa, que permita la desarticulación de grupos delictivos organizados (GDO) del 55.75% al 73,45%",16.11,2021,2025
9.1.3.,"Objetivo 9.- Garantizar la seguridad ciudadana, orden público y gestión de riesgos","9.1.3. Incrementar la satisfacción del usuario externo de la Policía Nacional del 77,00% al 84,61%.",16.1,2021,2025
9.2.1 ,"Objetivo 9.- Garantizar la seguridad ciudadana, orden público y gestión de riesgos","9.2.1 Disminuir la tasa de mortalidad por accidentes de tránsito, in situ, de 12,62 a 11,96, por cada 100.000 habitantes.",,2021,2025
9.2.2 ,"Objetivo 9.- Garantizar la seguridad ciudadana, orden público y gestión de riesgos","9.2.2 Reducir la tasa de accidentes en la operación de transporte aéreo comercial de 1,91 a 1,26",,2021,2025
9.3.1 ,"Objetivo 9.- Garantizar la seguridad ciudadana, orden público y gestión de riesgos","9.3.1 Reducir la tasa de muertes por desastres de 0,11 a 0,06 por cada 100.000 habitantes.",1 11 13,2021,2025
9.3.2.,"Objetivo 9.- Garantizar la seguridad ciudadana, orden público y gestión de riesgos","9.3.2. Incrementar el nivel de eficiencia en la gestión de identificación del riesgo ejecutada por el Sistema Nacional Descentralizado de Gestión de Riesgos (SNDGR) del 76,36% al 84,00%.",1 11 13,2021,2025
9.3.3 ,"Objetivo 9.- Garantizar la seguridad ciudadana, orden público y gestión de riesgos","9.3.3 Incrementar el nivel de eficiencia en la gestión de manejo de desastre del riesgo ejecutada por el Sistema Nacional Descentralizado de Gestión de Riesgos (SNDGR) del 73,25% al 80,58%.",1 11 13,2021,2025
9.4.1 ,"Objetivo 9.- Garantizar la seguridad ciudadana, orden público y gestión de riesgos",9.4.1 Reducir el número de muertes por violencia intracarcelaria en los Centros de Privación de Libertad de 130 a 88.,,2021,2025
9.4.2 ,"Objetivo 9.- Garantizar la seguridad ciudadana, orden público y gestión de riesgos","9.4.2 Reducir el porcentaje de hacinamiento en los Centros de Privación de Libertad del 29,83% al 20,42%.",,2021,2025
9.4.3 ,"Objetivo 9.- Garantizar la seguridad ciudadana, orden público y gestión de riesgos",9.4.3 Disminuir  la Tasa de Personas Privadas de Libertad (PPL) custodiadas por cada Servidor del Cuerpo de Seguridad y Vigilancia Penitenciaria (SCSVP) en los Centros de Privación de Libertad (CPL) de 26 PPL a 10 PPL custodiadas por cada SCSVP,,2021,2025
9.4.4 ,"Objetivo 9.- Garantizar la seguridad ciudadana, orden público y gestión de riesgos",9.4.4 Reducir el número de situaciones de crisis en los Centros de Privación de Libertad de 118 a 79.,,2021,2025
14.1.1,"Objetivo 14.- Fortalecer las capacidades del Estado con énfasis en la administración de justicia y eficiencia en los procesos de regulación y control, con independencia y autonomía","14.1.1 Aumentar la tasa de resolución de 0,84 a 1,06.",,2021,2025
14.1.2,"Objetivo 14.- Fortalecer las capacidades del Estado con énfasis en la administración de justicia y eficiencia en los procesos de regulación y control, con independencia y autonomía","14.1.2 Reducir la tasa de congestión de 2,15 a 1,61.",,2021,2025
14.1.3,"Objetivo 14.- Fortalecer las capacidades del Estado con énfasis en la administración de justicia y eficiencia en los procesos de regulación y control, con independencia y autonomía","14.1.3 Reducir la tasa de pendencia de 1,15 a 0,61.",,2021,2025
14.1.4,"Objetivo 14.- Fortalecer las capacidades del Estado con énfasis en la administración de justicia y eficiencia en los procesos de regulación y control, con independencia y autonomía","14.1.4 Fortalecer las capacidades del Estado con énfasis en la administración de justicia y eficiencia en los procesos de regulación y control, con independencia y autonomía.",,2021,2025
14.2.1,"Objetivo 14.- Fortalecer las capacidades del Estado con énfasis en la administración de justicia y eficiencia en los procesos de regulación y control, con independencia y autonomía","14.2.1. Los GAD municipales incrementan su capacidad operativa de 18,03 a 22,03 puntos en promedio.",,2021,2025
14.2.2,"Objetivo 14.- Fortalecer las capacidades del Estado con énfasis en la administración de justicia y eficiencia en los procesos de regulación y control, con independencia y autonomía","14.2.2. Los GAD provinciales incrementan su capacidad operativa de 18,89 a 22,87 puntos en promedio.",,2021,2025
14.3.1,"Objetivo 14.- Fortalecer las capacidades del Estado con énfasis en la administración de justicia y eficiencia en los procesos de regulación y control, con independencia y autonomía","14.3.1 Incrementar de 16,84 a 38,84 el Índice de Implementación de la Mejora Regulatoria en el Estado para optimizar la calidad de vida de los ciudadanos, el clima de negocios y la competitividad.",,2021,2025
14.3.2,"Objetivo 14.- Fortalecer las capacidades del Estado con énfasis en la administración de justicia y eficiencia en los procesos de regulación y control, con independencia y autonomía","14.3.2 Aumentar el índice de percepción de calidad de los servicios públicos de 6,08 a 8,00.",,2021,2025
15.1.1,"Objetivo 15.- Fomentar la ética pública, la transparencia y la lucha contra la corrupción",15.1.1 Incrementar de 25% a 30% el nivel de confianza institucional en el gobierno.,,2021,2025
15.1.2,"Objetivo 15.- Fomentar la ética pública, la transparencia y la lucha contra la corrupción",15.1.2. Mejorar el posicionamiento en el ranking de percepción de corrupción mundial del puesto 93 al 50,,2021,2025
15.2.1,"Objetivo 15.- Fomentar la ética pública, la transparencia y la lucha contra la corrupción","15.2.1 Al 2024 incrementar de 0,7 a 0.76 el índice de gobierno electrónico.",,2021,2025
15.2.2,"Objetivo 15.- Fomentar la ética pública, la transparencia y la lucha contra la corrupción","15.2.2 Incrementar de 20,45% a 52,27% la participación de entidades públicas en el proceso de Gobierno Abierto Ecuador.",,2021,2025
16.1.1,"Objetivo 16.- Promover la integración regional, la inserción estratégica del país en el mundo y garantizar los derechos de las personas en situación de movilidad humana","16.1.1 Incrementar la ejecución anual de fondos de cooperación internacional no reembolsable de USD 139,84 millones a USD 160,81 millones.",,2021,2025
16.1.2,"Objetivo 16.- Promover la integración regional, la inserción estratégica del país en el mundo y garantizar los derechos de las personas en situación de movilidad humana",16.1.2 Incrementar el porcentaje de avance en la inserción estratégica del país en la Antártida del 47% al 55%.,,2021,2025
16.1.3,"Objetivo 16.- Promover la integración regional, la inserción estratégica del país en el mundo y garantizar los derechos de las personas en situación de movilidad humana","16.1.3 Incrementar el cumplimiento de compromisos binacionales de 68,7% al 74%.",,2021,2025
16.2.1,"Objetivo 16.- Promover la integración regional, la inserción estratégica del país en el mundo y garantizar los derechos de las personas en situación de movilidad humana","16.2.1 Incrementar el porcentaje de avance en la definición del límite exterior de la plataforma continental más allá de las 200 millas náuticas del 8,33% al 100%.",,2021,2025
5.1.1,"Objetivo 5.- Proteger a las familias, garantizar sus derechos y servicios, erradicar la pobreza y promover la inclusión social","5.1.1. Reducir la tasa de pobreza extrema por ingresos de 15,44% al 10,76%.",1.1 1.2,2021,2025
5.1.2,"Objetivo 5.- Proteger a las familias, garantizar sus derechos y servicios, erradicar la pobreza y promover la inclusión social","5.1.2. Disminuir la tasa de trabajo infantil (de 5 a 14 años) de 6,10% a 4,42%.",8.7,2021,2025
5.2.1,"Objetivo 5.- Proteger a las familias, garantizar sus derechos y servicios, erradicar la pobreza y promover la inclusión social","5.2.1. Disminuir la tasa de femicidios por cada 100.000 mujeres de 0,87 a 0,80.",,2021,2025
5.2.2,"Objetivo 5.- Proteger a las familias, garantizar sus derechos y servicios, erradicar la pobreza y promover la inclusión social","5.2.2. Reducir la brecha de empleo adecuado entre hombres y mujeres del 33,50% al 28,45%.",,2021,2025
5.2.3,"Objetivo 5.- Proteger a las familias, garantizar sus derechos y servicios, erradicar la pobreza y promover la inclusión social","5.2.3. Reducir la brecha salarial entre hombres y mujeres del 15,34% al 11,27%.",,2021,2025
5.3.1,"Objetivo 5.- Proteger a las familias, garantizar sus derechos y servicios, erradicar la pobreza y promover la inclusión social","5.3.1. Incrementar el porcentaje de personas cubiertas por alguno de los regímenes de seguridad social pública contributiva del 37,56% al 41,73%.",1.3,2021,2025
5.4.1,"Objetivo 5.- Proteger a las familias, garantizar sus derechos y servicios, erradicar la pobreza y promover la inclusión social","5.4.1. Reducir el déficit habitacional de vivienda del 58,00% al 48,44%.",,2021,2025
5.5.1,"Objetivo 5.- Proteger a las familias, garantizar sus derechos y servicios, erradicar la pobreza y promover la inclusión social","5.5.1. Incrementar la cobertura poblacional con tecnología 4G o superior del 60,74% al 92,00%.",,2021,2025
5.5.2,"Objetivo 5.- Proteger a las familias, garantizar sus derechos y servicios, erradicar la pobreza y promover la inclusión social","5.5.2. Incrementar la penetración de Internet móvil y fijo del 68,08% al 78,00%.",,2021,2025
6.1.1,"Objetivo 6.- Garantizar el  derecho a la salud integral, gratuita y de calidad.","6.1.1. Incrementar el porcentaje de nacidos vivos con asistencia de personal de la salud del 96,4% al 98,5%.",3.1,2021,2025
6.1.2,"Objetivo 6.- Garantizar el  derecho a la salud integral, gratuita y de calidad.","6.1.2. Reducir la tasa de mortalidad neonatal de 4,6 al 4,0 por cada 1.000 nacidos vivos.",3.2,2021,2025
6.1.3,"Objetivo 6.- Garantizar el  derecho a la salud integral, gratuita y de calidad.","6.1.3. Reducir la tasa de mortalidad por suicidio de 6,1 al 5,1 por cada 100.000 habitantes.",3.4,2021,2025
6.1.4,"Objetivo 6.- Garantizar el  derecho a la salud integral, gratuita y de calidad.","6.1.4. Reducir la tasa de mortalidad atribuida al cáncer en la población de 21 a 75 años de 30,0 al 28,6 por cada 100.000 habitantes.",3.7,2021,2025
6.1.5,"Objetivo 6.- Garantizar el  derecho a la salud integral, gratuita y de calidad.",6.1.5. Incrementar las personas que conocen su estado serológico y se encuentran en tratamiento para VIH del 89% al 92%.,3.3,2021,2025
6.1.6,"Objetivo 6.- Garantizar el  derecho a la salud integral, gratuita y de calidad.","6.1.6 Reducir el gasto de bolsillo como porcentaje del gasto total en salud de 31,37% a 26,87%.",,2021,2025
6.2.1,"Objetivo 6.- Garantizar el  derecho a la salud integral, gratuita y de calidad.","6.2.1. Incrementar la vacunación de neumococo en la población menor de 1 año de 76,09% a 88,05%.",3.11,2021,2025
6.2.2,"Objetivo 6.- Garantizar el  derecho a la salud integral, gratuita y de calidad.","6.2.2. Incrementar la vacunación de rotavirus en la población menor de 1 año de 75,19% a 81,24%.",3.11,2021,2025
6.2.3,"Objetivo 6.- Garantizar el  derecho a la salud integral, gratuita y de calidad.","6.2.3. Incrementar la vacunación de sarampión, rubeola y parodititis (SRP) en la población de 12 a 23 meses de 70,35% a 82,21%.",3.11,2021,2025
6.3.1,"Objetivo 6.- Garantizar el  derecho a la salud integral, gratuita y de calidad.","6.3.1. Reducir la razón de muerte materna de 57,6 a 38,41 fallecimientos por cada 100.000 nacidos vivos.",3.1,2021,2025
6.3.2,"Objetivo 6.- Garantizar el  derecho a la salud integral, gratuita y de calidad.","6.3.2. Disminuir la tasa de nacimientos por embarazo adolescente (15 a 19 años de edad) del 54,6 al 39,4 por cada 1.000 nacidos vivos.",3.7,2021,2025
6.4.1,"Objetivo 6.- Garantizar el  derecho a la salud integral, gratuita y de calidad.",6.4.1. Reducir 6 puntos porcentuales la Desnutrición Crónica Infantil en menores de 2 años.,2.2,2021,2025
6.5.1,"Objetivo 6.- Garantizar el  derecho a la salud integral, gratuita y de calidad.","6.5.1. Incrementar la proporción de médicos familiares que trabajan haciendo atención primaria de 1,14 a 1,71 por cada 10.000 habitantes.",3,2021,2025
6.5.2,"Objetivo 6.- Garantizar el  derecho a la salud integral, gratuita y de calidad.","6.5.2. Incrementar la proporción de enfermeras que trabajan en los servicios de salud de 0,65 a 0,76 por cada médico.",3,2021,2025
6.6.1,"Objetivo 6.- Garantizar el  derecho a la salud integral, gratuita y de calidad.","6.6.1. Reducir el porcentaje de adolescentes entre 13 y 15 años que consumen tabaco del 0,52 al 0,34.",3.10,2021,2025
6.7.1,"Objetivo 6.- Garantizar el  derecho a la salud integral, gratuita y de calidad.","6.7.1. Reducir la prevalencia de actividad física insuficiente en la población de niñas, niños y jóvenes (5- 17 años) del 88,21% al 83,21%.",,2021,2025
6.7.2,"Objetivo 6.- Garantizar el  derecho a la salud integral, gratuita y de calidad.","6.7.2. Reducir la prevalencia de actividad física insuficiente en la población adulta (18-69 años) del 17,80% al 13,00%.",,2021,2025
6.7.3,"Objetivo 6.- Garantizar el  derecho a la salud integral, gratuita y de calidad.","6.7.3. Reducir el tiempo de comportamiento sedentario en un día normal de 120 minutos a 114 minutos en la población de niñas, niños y jóvenes (5-17 años).",,2021,2025
6.7.4,"Objetivo 6.- Garantizar el  derecho a la salud integral, gratuita y de calidad.",6.7.4. Reducir el tiempo de comportamiento sedentario en un día normal de 150 minutos a 143 minutos en la población adulta (18-69 años).,,2021,2025
7.1.1,"Objetivo 7.- Potenciar las capacidades de la ciudadanía y promover una educación innovadora, inclusiva y de calidad en todos los niveles.","7.1.1. Incrementar el porcentaje de personas entre 18 y 29 años con bachillerato completo de 69,75% a 77,89%.",4.1,2021,2025
7.1.2,"Objetivo 7.- Potenciar las capacidades de la ciudadanía y promover una educación innovadora, inclusiva y de calidad en todos los niveles.","7.1.2. Incrementar la tasa bruta de matrícula de bachillerato de 87,38% a 89,09%.",,2021,2025
7.1.3,"Objetivo 7.- Potenciar las capacidades de la ciudadanía y promover una educación innovadora, inclusiva y de calidad en todos los niveles.","7.1.3. Incrementar la tasa bruta de matrícula de Educación General Básica de 93,00% a 97,53%.",,2021,2025
7.2.1,"Objetivo 7.- Potenciar las capacidades de la ciudadanía y promover una educación innovadora, inclusiva y de calidad en todos los niveles.","7.2.1. Incrementar el porcentaje de instituciones educativas fiscales con cobertura de internet con fines pedagógicos de 41,93% a 65,92%.",,2021,2025
7.3.1,"Objetivo 7.- Potenciar las capacidades de la ciudadanía y promover una educación innovadora, inclusiva y de calidad en todos los niveles.","7.3.1. Incrementar el porcentaje de respuesta a la atención de víctimas de violencia para que cuenten con un plan de acompañamiento pasando de 67,60% a 95,00%.",,2021,2025
7.4.1,"Objetivo 7.- Potenciar las capacidades de la ciudadanía y promover una educación innovadora, inclusiva y de calidad en todos los niveles.",7.4.1. Incrementar los artículos publicados por las universidades y escuelas politécnicas en revistas indexadas de 6.624 a 12.423.,9.5,2021,2025
7.4.2,"Objetivo 7.- Potenciar las capacidades de la ciudadanía y promover una educación innovadora, inclusiva y de calidad en todos los niveles.","7.4.2. Incrementar la tasa bruta de matrícula en educación superior terciaria del 37,34% al 50,27%.",4.3 4.5 4.9,2021,2025
7.4.3,"Objetivo 7.- Potenciar las capacidades de la ciudadanía y promover una educación innovadora, inclusiva y de calidad en todos los niveles.","7.4.3. Disminuir la tasa de deserción en el primer año en la educación superior del 21,84% al 19,89%.",,2021,2025
7.4.4,"Objetivo 7.- Potenciar las capacidades de la ciudadanía y promover una educación innovadora, inclusiva y de calidad en todos los niveles.","7.4.4. Incrementar el número de investigadores por cada 1.000 habitantes de la Población Económicamente Activa de 0,55 a 0,75.",9.5,2021,2025
7.4.5,"Objetivo 7.- Potenciar las capacidades de la ciudadanía y promover una educación innovadora, inclusiva y de calidad en todos los niveles.",7.4.5. Incrementar el número de personas tituladas de educación superior técnica y tecnológica de 23.274 a 28.756.,4.3 4.5 4.9,2021,2025
7.4.6,"Objetivo 7.- Potenciar las capacidades de la ciudadanía y promover una educación innovadora, inclusiva y de calidad en todos los niveles.",7.4.6. Incrementar el número estudiantes matriculados en educación superior en las modalidades a distancia y en línea de 78.076 a 125.417.,4.3 4.5 4.9,2021,2025
7.5.1,"Objetivo 7.- Potenciar las capacidades de la ciudadanía y promover una educación innovadora, inclusiva y de calidad en todos los niveles.","7.5.1. Incrementar el porcentaje de atletas con discapacidad de alto rendimiento del 10,66% al 11,31%.",,2021,2025
8.1.1,"Objetivo 8.- Generar nuevas oportunidades y bienestar para las zonas rurales, con énfasis en pueblos y nacionalidades.","8.1.1. Incrementar el porcentaje de parroquias rurales conectadas con servicio móvil avanzado del 68,45% al 79,00%.",,2021,2025
8.1.2,"Objetivo 8.- Generar nuevas oportunidades y bienestar para las zonas rurales, con énfasis en pueblos y nacionalidades.","8.1.2. Reducir de 70% a 55% la pobreza multidimensional rural, con énfasis en pueblos y nacionalidades y poblaciones vulnerables.",1.2,2021,2025
8.2.1,"Objetivo 8.- Generar nuevas oportunidades y bienestar para las zonas rurales, con énfasis en pueblos y nacionalidades.","8.2.1. Incrementar la tasa bruta de matrícula de Educación General Básica en el área rural de 63,47% a 64,47%.",,2021,2025
8.2.2,"Objetivo 8.- Generar nuevas oportunidades y bienestar para las zonas rurales, con énfasis en pueblos y nacionalidades.","8.2.2. Incrementar la tasa bruta de matrícula de bachillerato en el área rural de 48,65% al 54,91%.",,2021,2025
8.2.3,"Objetivo 8.- Generar nuevas oportunidades y bienestar para las zonas rurales, con énfasis en pueblos y nacionalidades.","8.2.3. Implementar el Modelo de Sistema de Educación Intercultural Bilingüe (MOSEIB), en el 5,41% de instituciones del Sistema de Educación Intercultural Bilingüe.",,2021,2025
8.3.1,"Objetivo 8.- Generar nuevas oportunidades y bienestar para las zonas rurales, con énfasis en pueblos y nacionalidades.","8.3.1. Incrementar los sitios patrimoniales de gestión cultural comunitaria habilitados y puestos en valor para efectuar procesos de turismo rural sostenible, de 0 a 20.",,2021,2025
5.4,Impulsar la productividad y competitividad para el crecimiento económico sostenible de manera redistributiva y solidaria,"Incrementar la productividad y generación de valor agregado creando incentivos diferenciados al sector productivo, para satisfacer la demanda interna, y diversificar la oferta exportable de manera estratégica.",8,2021,2025
5.4,Impulsar la productividad y competitividad para el crecimiento económico sostenible de manera redistributiva y solidaria,"Diversificar la producción nacional con pertinencia territorial, aprovechando las ventajas competitivas, comparativas y las oportunidades identificadas en el mercado interno y externo, para lograr un crecimiento económico sostenible y sustentable.",8,2021,2025
5.5,Impulsar la productividad y competitividad para el crecimiento económico sostenible de manera redistributiva y solidaria,"Promover la investigación, la formación, la capacitación, el desarrollo y la transferencia tecnológica, la innovación y el emprendimiento, la protección de la propiedad intelectual, para impulsar el cambio de la matriz productiva mediante la vinculación entre el sector público, productivo y las universidades",8 9,2021,2025
5.6,Impulsar la productividad y competitividad para el crecimiento económico sostenible de manera redistributiva y solidaria,"Garantizar el suministro energético con calidad, oportunidad, continuidad y seguridad, con una matriz energética diversificada, eficiente, sostenible y soberana como eje de la transformación productiva y social.",7,2021,2025
5.5,Impulsar la productividad y competitividad para el crecimiento económico sostenible de manera redistributiva y solidaria,"Fomentar la producción nacional con responsabilidad social y ambiental, potenciando el manejo eficiente de los recursos naturales y el uso de tecnologías duraderas y ambientalmente limpias, para garantizar el abastecimiento de bienes y servicios de calidad.",12,2021,2025
5.7,Impulsar la productividad y competitividad para el crecimiento económico sostenible de manera redistributiva y solidaria,"Fortalecer y fomentar la asociatividad, los circuitos alternativos de comercialización, las cadenas productivas, negocios inclusivos y el comercio justo, priorizando la Economía Popular y Solidaria, para consolidar de manera redistributiva y solidaria la estructura productiva del país.",17,2021,2025
5.8,Impulsar la productividad y competitividad para el crecimiento económico sostenible de manera redistributiva y solidaria,"Fortalecer e incrementar la eficiencia de las empresas públicas para la provisión de bienes y servicios de calidad, el aprovechamiento responsable de los recursos naturales, la dinamización de la economía, y la intervención estratégica en mercados, maximizando su rentabilidad económica y social.",8 12,2021,2025
6.1,Desarrollar las capacidades productivas y del entorno para lograr la soberanía alimentaria y el Buen Vivir Rural,"Fomentar el trabajo y el empleo digno con énfasis en zonas rurales, potenciando las capacidades productivas, combatiendo la precarización y fortaleciendo el apoyo focalizado del Estado e impulsando el emprendimiento.",2 8,2021,2025
6.2,Desarrollar las capacidades productivas y del entorno para lograr la soberanía alimentaria y el Buen Vivir Rural,"Promover la redistribución de tierras y el acceso equitativo a los medios de producción, con énfasis en agua y semillas, así como el desarrollo de infraestructura necesaria para incrementar la productividad, el comercio, la competitividad y la calidad de la producción rural, considerando las ventajas competitivas y comparativas territoriales.",2,2021,2025
6.3,Desarrollar las capacidades productivas y del entorno para lograr la soberanía alimentaria y el Buen Vivir Rural,"Impulsar la producción de alimentos suficientes y saludables, así como la existencia y acceso a mercados y sistemas productivos alternativos, que permitan satisfacer la demanda nacional con respeto a las formas de producción local y con pertinencia cultural.",1 2,2021,2025
6.4,Desarrollar las capacidades productivas y del entorno para lograr la soberanía alimentaria y el Buen Vivir Rural,"Fortalecer la organización, asociatividad y participación de las agriculturas familiares y campesinas en los mercados de provisión de alimentos.",2 16,2021,2025
6.5,Desarrollar las capacidades productivas y del entorno para lograr la soberanía alimentaria y el Buen Vivir Rural,"Promover el comercio justo de productos, con énfasis en la economía familiar campesina y en la economía popular y solidaria, reduciendo la intermediación a nivel urbano y rural, e incentivando el cuidado del medioambiente y la recuperación de los suelos.",8 12,2021,2025
6.6,Desarrollar las capacidades productivas y del entorno para lograr la soberanía alimentaria y el Buen Vivir Rural,"Fomentar en zonas rurales el acceso a servicios de salud, educación, agua segura, saneamiento básico, seguridad ciudadana, protección social rural y vivienda con pertinencia territorial y de calidad; así como el impulso a la conectividad y vialidad nacional. ",1 3 4 6 11,2021,2025
6.7,Desarrollar las capacidades productivas y del entorno para lograr la soberanía alimentaria y el Buen Vivir Rural,"Garantizar la participación plural, con enfoque de género y énfasis en las organizaciones de pueblos, nacionalidades, comunas, comunidades y colectivos, en el manejo sostenible de los recursos naturales y servicios ambientales.",5 12,2021,2025
7.1,"Incentivar una sociedad participativa, con un Estado cercano al servicio de la ciudadanía ","Fortalecer el sistema democrático y garantizar el derecho a la participación política, participación ciudadana y control social en el ciclo de las políticas públicas. ",16,2021,2025
7.2,"Incentivar una sociedad participativa, con un Estado cercano al servicio de la ciudadanía ","Promover el diálogo como forma de convivencia democrática, mecanismo para la solución de conflictos y la generación de acuerdos locales y nacionales para afianzar la cohesión social.",16,2021,2025
7.3,"Incentivar una sociedad participativa, con un Estado cercano al servicio de la ciudadanía ","Fomentar y fortalecer la auto-organización social, la vida asociativa y la construcción de una ciudadanía activa y corresponsable, que valore y promueva el bien común. ",16,2021,2025
7.4,"Incentivar una sociedad participativa, con un Estado cercano al servicio de la ciudadanía ","Institucionalizar una administración pública democrática, participativa, incluyente, intercultural y orientada hacia la ciudadanía, basada en un servicio meritocrático profesionalizado que se desempeñe en condiciones dignas. ",16,2021,2025
7.5,"Incentivar una sociedad participativa, con un Estado cercano al servicio de la ciudadanía ","Consolidar una gestión estatal eficiente y democrática, que impulse las capacidades ciudadanas e integre las acciones sociales en la administración pública.",16,2021,2025
7.6,"Incentivar una sociedad participativa, con un Estado cercano al servicio de la ciudadanía ","Mejorar la calidad de las regulaciones y simplificación de trámites para aumentar su efectividad en el bienestar económico, político social y cultural.",16,2021,2025
7.7,"Incentivar una sociedad participativa, con un Estado cercano al servicio de la ciudadanía ","Democratizar la prestación de servicios públicos territorializados, sostenibles y efectivos, de manera equitativa e incluyente, con énfasis en los grupos de atención prioritaria y poblaciones en situación de vulnerabilidad, en corresponsabilidad entre el Estado y la sociedad.",1 3 11,2021,2025
7.8,"Incentivar una sociedad participativa, con un Estado cercano al servicio de la ciudadanía ","Fortalecer las capacidades de los Gobiernos Autónomos Descentralizados para el cumplimiento de los objetivos nacionales, la gestión de sus competencias, la sostenibilidad financiera y la prestación de servicios públicos a su cargo, con énfasis en agua, saneamiento y seguridad.",6 9 11 16,2021,2025
7.9,"Incentivar una sociedad participativa, con un Estado cercano al servicio de la ciudadanía ",Promover la seguridad jurídica y la defensa técnica del Estado.,16,2021,2025
8.1,Promover la transparencia y la corresponsabilidad para una nueva ética social,"Impulsar una nueva ética laica, basada en la honestidad, la solidaridad, la corresponsabilidad, el diálogo, la igualdad, la equidad y la justicia social como valores y virtudes que orientan el comportamiento y accionar de la sociedad y sus diversos sectores.",16,2021,2025
8.2,Promover la transparencia y la corresponsabilidad para una nueva ética social,"Fortalecer la transparencia en la gestión de instituciones públicas y privadas y la lucha contra la corrupción, con mejor difusión y acceso a información pública de calidad, optimizando las políticas de rendición de cuentas y promoviendo la participación y el control social. ",16,2021,2025
8.3,Promover la transparencia y la corresponsabilidad para una nueva ética social,"Impulsar medidas para la prevención, control y sanción de conflictos de interés y opacidad en las contrataciones y servicios del Estado.",16,2021,2025
8.4,Promover la transparencia y la corresponsabilidad para una nueva ética social,"Luchar contra la impunidad, fortaleciendo la coordinación interinstitucional y la eficacia de los procesos para la detección, investigación, juzgamiento, sanción y ejecución de penas.",16,2021,2025
8.5,Promover la transparencia y la corresponsabilidad para una nueva ética social,"Promover un pacto ético nacional e internacional para lograr justicia económica, la eliminación de paraísos fiscales, el combate a la defraudación fiscal y el comercio justo global.",16,2021,2025
8.6,Promover la transparencia y la corresponsabilidad para una nueva ética social,"Fomentar la transparencia en los sectores privado y popular-solidario, impulsando la adopción de criterios de integridad que fortalezcan los principios de cooperativismo y de gobierno corporativo, para disuadir del cometimiento de actos que atenten contra los objetivos nacionales de desarrollo.",16,2021,2025
9.1,"Garantizar la soberanía y la paz, y posicionar estratégicamente al país en la región y el mundo","Promover la paz sostenible, y garantizar servicios eficientes de seguridad integral. ",16,2021,2025
9.2,"Garantizar la soberanía y la paz, y posicionar estratégicamente al país en la región y el mundo","Profundizar el proceso de integración con América Latina, el Caribe y los países vecinos, como espacio de convergencia política y complementariedad económica, logística, estratégica, social, ambiental, turística, cultural y de cooperación; afianzando la capacidad negociadora de la región y fortaleciendo el desarrollo de las zonas fronterizas y la libre movilidad de las personas.",17,2021,2025
9.3,"Garantizar la soberanía y la paz, y posicionar estratégicamente al país en la región y el mundo","Crear y fortalecer los vínculos políticos, sociales, económicos, turísticos, ambientales, académicos y culturales, y las líneas de cooperación para la investigación, innovación y transferencia tecnológica con socios estratégicos de Ecuador. ",17,2021,2025
9.4,"Garantizar la soberanía y la paz, y posicionar estratégicamente al país en la región y el mundo","Posicionar y potenciar a Ecuador como un país megadiverso, intercultural y multiétnico, desarrollando y fortaleciendo la oferta turística nacional y las industrias culturales, fomentando el turismo receptivo como fuente generadora de divisas y empleo, en un marco de protección del patrimonio natural y cultural.",8 12,2021,2025
9.5,"Garantizar la soberanía y la paz, y posicionar estratégicamente al país en la región y el mundo","Fomentar la cooperación vecinal y regional, el control efectivo de los espacios acuáticos, terrestres, aéreos, así como la defensa de los intereses marítimos, manteniendo la integridad territorial y a la defensa de la soberanía del Estado. ",6 14 15,2021,2025
9.6,"Garantizar la soberanía y la paz, y posicionar estratégicamente al país en la región y el mundo",Proteger y promover los derechos de las personas en situación de movilidad humana en el territorio nacional y en el exterior.,11,2021,2025
11.1.1,"Objetivo 11.- Conservar, restaurar, proteger y hacer un uso sostenible de los recursos naturales","11.1.1. Mantener la proporción de territorio nacional bajo conservación o manejo ambiental en 16,45%.",,2021,2025
11.2.1,"Objetivo 11.- Conservar, restaurar, proteger y hacer un uso sostenible de los recursos naturales",11.2.1. Incrementar de 1.496 a 2.067 fuentes de contaminación hidrocarburíferas remediadas y avaladas.,12.4,2021,2025
11.3.1,"Objetivo 11.- Conservar, restaurar, proteger y hacer un uso sostenible de los recursos naturales","11.3.1. Reducir las emisiones de Gases de Efecto Invernadero por deforestación en el sector de Uso del Suelo, Cambio de Uso del Suelo y Silvicultura (USCUSS) de 53.782,59 a 52.706,94 Gg CO2eq.",15.2 13.2,2021,2025
12.1.1,Objetivo 12.- Fomentar modelos de desarrollo sostenibles aplicando medidas de adaptación y mitigación al Cambio Climático,"12.1.1. Incrementar de 71 a 96 los instrumentos integrados para aumentar la capacidad adaptación al cambio climático, promover la resiliencia al clima y mitigar el cambio climático sin comprometer la producción de alimentos.",13.2,2021,2025
12.1.2,Objetivo 12.- Fomentar modelos de desarrollo sostenibles aplicando medidas de adaptación y mitigación al Cambio Climático,"12.1.2. Reducir del 91,02 a 82,81 la vulnerabilidad al cambio climático, en función de la capacidad de adaptación.",13.1 13.b 13.2,2021,2025
12.2.1,Objetivo 12.- Fomentar modelos de desarrollo sostenibles aplicando medidas de adaptación y mitigación al Cambio Climático,12.2.1. Incrementar de 0% a 20% la recuperación de los residuos y/o desechos en el marco de la aplicación de las políticas de responsabilidad extendida al productor.,12.5,2021,2025
12.2.2,Objetivo 12.- Fomentar modelos de desarrollo sostenibles aplicando medidas de adaptación y mitigación al Cambio Climático,"12.2.2. Evitar que la brecha entre huella ecológica y biocapacidad per cápita no sea inferior a 0,30 hectáreas globales.",9 11 12,2021,2025
12.3.1,Objetivo 12.- Fomentar modelos de desarrollo sostenibles aplicando medidas de adaptación y mitigación al Cambio Climático,12.3.1. Reducir de 79.833 a 62.917 kBEP la energía utilizada en los sectores de consumo.,,2021,2025
12.3.2,Objetivo 12.- Fomentar modelos de desarrollo sostenibles aplicando medidas de adaptación y mitigación al Cambio Climático,"12.3.2. Reducir a 10,50% las pérdidas de energía eléctrica a nivel nacional.",,2021,2025
12.3.3,Objetivo 12.- Fomentar modelos de desarrollo sostenibles aplicando medidas de adaptación y mitigación al Cambio Climático,"12.3.3. Incrementar de 21.6 a 50.5 millones el ahorro de combustibles en Barriles Equivalentes de Petróleo, optimizando el proceso de generación eléctrica y la eficiencia energética en el sector de hidrocarburos.",7 9 12 13,2021,2025
12.3.4,Objetivo 12.- Fomentar modelos de desarrollo sostenibles aplicando medidas de adaptación y mitigación al Cambio Climático,"12.3.4. Incrementar de 6.424 a 6.954 megavoltiamperio (MVA) la capacidad en potencia instalada en subestaciones de distribución, para atender el crecimiento de la demanda de los sectores residencial, comercial e industrial.",,2021,2025
12.3.5,Objetivo 12.- Fomentar modelos de desarrollo sostenibles aplicando medidas de adaptación y mitigación al Cambio Climático,"12.3.5. Incrementar la capacidad instalada de generación eléctrica de 821,44 a 1.518,44 megavatios (MW).",,2021,2025
13.1.1,Objetivo 13.- Promover la gestión integral de los recursos hídricos,"13.1.1. Incrementar el territorio nacional bajo protección hídrica de 18.152,13 a 284.000 hectáreas.",6.4 6.6,2021,2025
13.2.1,Objetivo 13.- Promover la gestión integral de los recursos hídricos,"13.2.1. Incrementar las autorizaciones para uso y aprovechamiento del recurso hídrico, de 500 a 12.000.",6.1,2021,2025
13.2.2,Objetivo 13.- Promover la gestión integral de los recursos hídricos,"13.2.2. Incrementar la superficie potencial de riego y drenaje de 1.458,46 a 11.461 hectáreas.",6.4,2021,2025
13.2.3,Objetivo 13.- Promover la gestión integral de los recursos hídricos,"13.2.3. Incrementar la superficie del territorio nacional con planes de gestión integral de recursos hídricos de 208.959,12 a 452.000 hectáreas.",6.4 6.5 6.6 6.7 6.8 15.1,2021,2025
13.3.1,Objetivo 13.- Promover la gestión integral de los recursos hídricos,13.3.1. Se beneficia a 3.5 millones de habitantes a través de proyectos cofinanciados por el Estado para acceso a agua apta para el consumo humano y saneamiento.,6.4,2021,2025
1.1,objetivo 1: garantizar una vida digna con iguales oportunidades para todas las personas,"1.1 erradicar la incidencia de pobreza extrema por ingresos, reduciéndola del 8,7% al 3,5% al 2021",1.1,2017,2021
1.2,objetivo 1: garantizar una vida digna con iguales oportunidades para todas las personas,"1.2 reducir la tasa de pobreza multidimensional del 35,2% al 27,4% al 2021",,2017,2021
1.3,objetivo 1: garantizar una vida digna con iguales oportunidades para todas las personas,"1.3 disminuir la relación de ingresos entre el decil más pobre y el decil más rico desde 24,3 a menos de 20 veces al 2021",,2017,2021
1.4,objetivo 1: garantizar una vida digna con iguales oportunidades para todas las personas,"1.4 incrementar del 53,25% al 61,63% el número de hogares con vivienda propia y digna que se encuentran en situación de extrema pobreza al 2021",1,2017,2021
1.5,objetivo 1: garantizar una vida digna con iguales oportunidades para todas las personas,"1.5 reducir del 10,4% al 7,6% la tasa de desempleo juvenil de 18 a 29 años al 2021",8.6,2017,2021
1.6,objetivo 1: garantizar una vida digna con iguales oportunidades para todas las personas,"1.6 erradicar el trabajo infantil de 5 a 14 años, reduciendo del 4,9% al 2,7% al 2021",8.7,2017,2021
1.7,objetivo 1: garantizar una vida digna con iguales oportunidades para todas las personas,"1.7 reducir la brecha de empleo adecuado entre hombres y mujeres del 33,5% al 28,7% al 2021",,2017,2021
1.8,objetivo 1: garantizar una vida digna con iguales oportunidades para todas las personas,"1.8 reducir la brecha salarial entre hombres y mujeres del 21,9% al 18,4% al 2021",8.5,2017,2021
1.9,objetivo 1: garantizar una vida digna con iguales oportunidades para todas las personas,"1.9 incrementar el porcentaje de personas cubiertas por alguno de los regímenes de seguridad social pública contributiva del 47,99% al 51,2% al 2021",1.3,2017,2021
1.10,objetivo 1: garantizar una vida digna con iguales oportunidades para todas las personas,"1.10 reducir la razón de mortalidad materna de 44,6 a 40,9 fallecimientos por cada 100.000 nacidos vivos al 2021",3.1,2017,2021
1.11,objetivo 1: garantizar una vida digna con iguales oportunidades para todas las personas,"1.11 reducir la tasa de mortalidad infantil de 8,95 a 8,14 por cada 1.000 nacidos vivos al 2021",,2017,2021
1.12,objetivo 1: garantizar una vida digna con iguales oportunidades para todas las personas,"1.12 disminuir de 76,5 a 64,8 la tasa específica de nacimientos en mujeres adolescentes entre 15 a 19 años de edad al 2021",3.7,2017,2021
1.13,objetivo 1: garantizar una vida digna con iguales oportunidades para todas las personas,"1.13 reducir de 24,8% al 14,8% la prevalencia de desnutrición crónica en niños menores a 2 años, al 2021",2.2,2017,2021
1.14,objetivo 1: garantizar una vida digna con iguales oportunidades para todas las personas,"1.14 reducir del 23,9% al 14,0% la prevalencia de desnutrición crónica en niños menores de 5 años, al 2021",2.2,2017,2021
1.15,objetivo 1: garantizar una vida digna con iguales oportunidades para todas las personas,"1.15 reducir del 31,2% al 29,1% la prevalencia de obesidad y sobrepeso en niños de 5 a 11 años al 2021",,2017,2021
1.16,objetivo 1: garantizar una vida digna con iguales oportunidades para todas las personas,"1.16 aumentar del 46,4% al 64%, la prevalencia de lactancia materna exclusiva en los primeros seis meses de vida, al 2021",,2017,2021
1.17,objetivo 1: garantizar una vida digna con iguales oportunidades para todas las personas,"1.17 incrementar del 12,21% al 14,4% la población mayor a 12 años que realiza más de 3,5 horas a la semana de ejercicio o deporte en su tiempo libre al 2021",,2017,2021
1.18,objetivo 1: garantizar una vida digna con iguales oportunidades para todas las personas,"1.18 incrementar del 72,25% al 80% la tasa neta de asistencia ajustada en bachillerato al 2021",4.1,2017,2021
1.19,objetivo 1: garantizar una vida digna con iguales oportunidades para todas las personas,1.19 incrementar del 63% al 65% las personas de 18 a 29 años con bachillerato completo al 2021,4.1,2017,2021
1.20,objetivo 1: garantizar una vida digna con iguales oportunidades para todas las personas,"1.20 incrementar del 27,81% al 31,21% la tasa bruta de matrícula en educación superior en universidades y escuelas politécnicas al 2021.",4.9 4.3 4.5,2017,2021
1.21,objetivo 1: garantizar una vida digna con iguales oportunidades para todas las personas,"1.21 incrementar del 5,91% al 9,02% la tasa bruta de matrícula en educación superior de nivel técnico y tecnológico al 2021",4.9 4.3 4.6,2017,2021
1.23,objetivo 1: garantizar una vida digna con iguales oportunidades para todas las personas,"1.23 reducir la tasa de homicidios intencionales de 5,8 a 5,2 por cada 100.000 habitantes al 2021",16.1,2017,2021
1.24,objetivo 1: garantizar una vida digna con iguales oportunidades para todas las personas,"1.24 reducir la tasa de femicidios de 0,85 a 0,82 por cada 100.000 mujeres al 2021",,2017,2021
1.25,objetivo 1: garantizar una vida digna con iguales oportunidades para todas las personas,"1.25 reducir la tasa de congestión de 1,64 a 1,5 al 2021",,2017,2021
1.26,objetivo 1: garantizar una vida digna con iguales oportunidades para todas las personas,"1.26 reducir la tasa de pendencia de 0,64 a 0,5 al 2021",,2017,2021
1.27,objetivo 1: garantizar una vida digna con iguales oportunidades para todas las personas,1.27 mantener la tasa de resolución entre 0.75 y 1 al 2021.,,2017,2021
1.28,objetivo 1: garantizar una vida digna con iguales oportunidades para todas las personas,"1.28 incrementar el número de fiscales de 5,1 a 8 por cada 100.000 habitantes al 2021",,2017,2021
1.29,objetivo 1: garantizar una vida digna con iguales oportunidades para todas las personas,"1.29 reducir la tasa de personas privadas de la libertad de 332,9 a 305,5 por cada 100.000 habitantes al 2021",16,2017,2021
1.30,objetivo 1: garantizar una vida digna con iguales oportunidades para todas las personas,1.30 mejorar el tiempo de respuesta en atención integral de emergencias al 2021: mejorar el tiempo de respuesta en emergencias para seguridad ciudadana desde 0:09:29 a 0:08:40 minutos al 2021,,2017,2021
1.31,objetivo 1: garantizar una vida digna con iguales oportunidades para todas las personas,1.31 mejorar el tiempo de respuesta en atención integral de emergencias al 2021: mejorar el tiempo de respuesta en emergencias para gestión sanitaria desde 0:13:27 a 0:10:53 minutos al 2021,,2017,2021
1.32,objetivo 1: garantizar una vida digna con iguales oportunidades para todas las personas,"1.32 aumentar la cobertura, calidad, y acceso a servicios de salud: incrementar la proporción de nacidos vivos con asistencia de personal de la salud del 94,43% al 98,43% al 2021",3.1,2017,2021
1.33,objetivo 1: garantizar una vida digna con iguales oportunidades para todas las personas,"1.33 aumentar la cobertura, calidad, y acceso a servicios de salud: incrementar la tasa de profesionales de la salud de 22,60 a 36,15 por cada 10.000 habitantes al 2021",3.12,2017,2021
1.34,objetivo 1: garantizar una vida digna con iguales oportunidades para todas las personas,"1.34 aumentar la cobertura, calidad, y acceso a servicios de salud: reducir el porcentaje del gasto de bolsillo de los hogares en salud al 2021",,2017,2021
1.35,objetivo 1: garantizar una vida digna con iguales oportunidades para todas las personas,"1.35 aumentar la cobertura, calidad, y acceso a servicios de salud: incrementar el porcentaje de percepción positiva de los hogares en relación a servicios públicos de salud de calidad al 2021",,2017,2021
1.36,objetivo 1: garantizar una vida digna con iguales oportunidades para todas las personas,"1.36 incrementar el porcentaje de niñas y niños menores de 5 años que participan en programas de primera infancia del 38,0% al 61,7% al 2021",,2017,2021
1.37,objetivo 1: garantizar una vida digna con iguales oportunidades para todas las personas,1.37 dotar de ayudas técnicas a las personas con discapacidad al 2021,,2017,2021
1.38,objetivo 1: garantizar una vida digna con iguales oportunidades para todas las personas,"1.38 disminuir de 3,1 a 2,55 la tasa de nacimientos en niñas y mujeres adolescentes de 10 a 14 años de edad por cada 1.000 mujeres al 2021",,2017,2021
1.39,objetivo 1: garantizar una vida digna con iguales oportunidades para todas las personas,1.39 eliminar el porcentaje de niños de hasta 18 meses de edad con transmisión materno-infantil con vih al 2021,3.3,2017,2021
1.40,objetivo 1: garantizar una vida digna con iguales oportunidades para todas las personas,1.40 disminuir el embarazo no planificado al 2021,3.7,2017,2021
1.41,objetivo 1: garantizar una vida digna con iguales oportunidades para todas las personas,1.41 aumentar el número de personas con discapacidad y/o sustitutos insertados en el sistema laboral de 70.668 a 74.547 al 2021,8.5,2017,2021
1.42,objetivo 1: garantizar una vida digna con iguales oportunidades para todas las personas,1.42 incrementar el índice de habitabilidad al 2021,,2017,2021
1.43,objetivo 1: garantizar una vida digna con iguales oportunidades para todas las personas,1.43 incrementar el porcentaje de la población con acceso a agua segura al 2021,6,2017,2021
2.1,"objetivo 2: afirmar la interculturalidad y plurinacionalidad, revalorizando las identidades diversas","2.1 incrementar el porcentaje de instituciones educativas de jurisdicción intercultural bilingüe con modelo del sistema de educación intercultural bilingüe - moseib implementado del 2,38% al 3,80% al 2021",,2017,2021
2.2,"objetivo 2: afirmar la interculturalidad y plurinacionalidad, revalorizando las identidades diversas","2.2 incrementar el porcentaje de instituciones educativas fiscales con oferta intercultural bilingüe en los circuitos con población mayoritaria de una nacionalidad o pueblo, del 65,87% al 75,02% al 2021",,2017,2021
2.3,"objetivo 2: afirmar la interculturalidad y plurinacionalidad, revalorizando las identidades diversas","2.3 incrementar el porcentaje de personas de 15 años y más que realizan actividades culturales del 3,9% al 5% al 2021.",,2017,2021
2.4,"objetivo 2: afirmar la interculturalidad y plurinacionalidad, revalorizando las identidades diversas","2.4 incrementar del 2,4% al 3,5% la contribución de las actividades culturales al producto interno bruto, al 2021",,2017,2021
2.5,"objetivo 2: afirmar la interculturalidad y plurinacionalidad, revalorizando las identidades diversas","2.5 incrementar el porcentaje de personas pertenecientes a pueblos y nacionalidades que tienen empleo adecuado del 26,3% al 29,19% al 2021",8.5,2017,2021
2.7,"objetivo 2: afirmar la interculturalidad y plurinacionalidad, revalorizando las identidades diversas","2.7 mejorar los servicios públicos de educación con enfoque intercultural: lograr que la proporción de estudiantes en 3ero de bachillerato (final de educación secundaria) auto identificados como indígenas, superen el nivel mínimo de competencia en la materia de lengua y literatura, desde 67,9% a un mínimo de 70% al 2021",4,2017,2021
2.8,"objetivo 2: afirmar la interculturalidad y plurinacionalidad, revalorizando las identidades diversas","2.8 mejorar los servicios públicos de educación con enfoque intercultural:lograr que la proporción de estudiantes en 3ero de bachillerato (final de educación secundaria) auto identificados como indígenas, superen el nivel mínimo de competencia en la materia de matemáticas desde 56,20% a un mínimo de 60% al 2021.",4,2017,2021
2.9,"objetivo 2: afirmar la interculturalidad y plurinacionalidad, revalorizando las identidades diversas","2.9 mejorar los servicios públicos de educación con enfoque intercultural:lograr que la proporción de estudiantes en 3ero de bachillerato (final de educación secundaria) auto identificados como afroecuatorianos superen el nivel mínimo de competencia en la materia de matemáticas desde 50,40% a un mínimo de 60% al 2021",4,2017,2021
2.10,"objetivo 2: afirmar la interculturalidad y plurinacionalidad, revalorizando las identidades diversas","2.10 mejorar los servicios públicos de educación con enfoque intercultural:lograr que la proporción de estudiantes en 3ero de bachillerato (final de educación secundaria) auto identificados como montubios superen el nivel mínimo de competencia en la materia de matemática desde 56,9% a un mínimo de 60% al 2021.",4,2017,2021
2.11,"objetivo 2: afirmar la interculturalidad y plurinacionalidad, revalorizando las identidades diversas","2.11 mejorar los servicios públicos de salud con enfoque intercultural:incrementar el porcentaje de establecimientos de salud de la red pública integral de salud con certificación: “establecimientos de salud, que atienden partos, como amigos de la madre y del niño - (esamyn)”, al 2021.",,2017,2021
2.12,"objetivo 2: afirmar la interculturalidad y plurinacionalidad, revalorizando las identidades diversas","2.12 erradicar la discriminación por género, etnia y situación de movilidad: erradicar el porcentaje de mujeres que han vivido algún tipo de discriminación de género al 2021.",,2017,2021
2.13,"objetivo 2: afirmar la interculturalidad y plurinacionalidad, revalorizando las identidades diversas","2.13 erradicar la discriminación por género, etnia y situación de movilidad: erradicar el porcentaje de las personas lgbti que han vivido algún tipo de discriminación por su orientación sexual e identidad de género al 2021.",,2017,2021
2.14,"objetivo 2: afirmar la interculturalidad y plurinacionalidad, revalorizando las identidades diversas","2.14 erradicar la discriminación por género, etnia y situación de movilidad: erradicar el porcentaje de personas indígenas, afros y montubios que afirman ser objeto de discriminación al 2021.",,2017,2021
2.16,"objetivo 2: afirmar la interculturalidad y plurinacionalidad, revalorizando las identidades diversas","2.16 incrementar el número de personas según auto - identificación étnica (indígena, afroecuatoriana y montuvia) que están matriculadas en educación superior de 59.996 a 74.732, al 2021",4.9,2017,2021
3.1,objetivo 3: garantizar los derechos de la naturaleza para las actuales y las futuras generaciones.,"3.1 evitar que la brecha entre huella ecológica y biocapacidad sea menor a 0,35 hectáreas globales per cápita hasta el 2021",12.2,2017,2021
3.2,objetivo 3: garantizar los derechos de la naturaleza para las actuales y las futuras generaciones.,3.2 mantener el 16% de territorio nacional bajo conservación o manejo ambiental al 2021,14.5 15.1,2017,2021
3.3,objetivo 3: garantizar los derechos de la naturaleza para las actuales y las futuras generaciones.,"3.3 incrementar del 70,3% al 80% los residuos sólidos no peligrosos con disposición final adecuada al 2021",11.6,2017,2021
3.4,objetivo 3: garantizar los derechos de la naturaleza para las actuales y las futuras generaciones.,3.4 reducir al 15% la deforestación bruta con respecto al nivel de referencia de emisiones forestales al 2021,,2017,2021
3.5,objetivo 3: garantizar los derechos de la naturaleza para las actuales y las futuras generaciones.,"3.5 incrementar del 17% al 35% los residuos sólidos reciclados en relación al total de residuos generados, hasta el 2021",11.6,2017,2021
3.6,objetivo 3: garantizar los derechos de la naturaleza para las actuales y las futuras generaciones.,"3.6 reducir y remediar las fuentes de contaminación de la industria hidrocarburífera, con aval de la autoridad ambiental al 2021.",,2017,2021
3.7,objetivo 3: garantizar los derechos de la naturaleza para las actuales y las futuras generaciones.,3.7 reducir la expasión de la frontera urbana y agrícola al 2021.,11.3,2017,2021
3.8,objetivo 3: garantizar los derechos de la naturaleza para las actuales y las futuras generaciones.,3.8 reducir y remediar la contaminación de fuentes hídricas al 2021,3 6.3,2017,2021
3.9,objetivo 3: garantizar los derechos de la naturaleza para las actuales y las futuras generaciones.,3.9 incrementar el porcentaje de aguas residuales con tratamiento adecuado al 2021,,2017,2021
3.10,objetivo 3: garantizar los derechos de la naturaleza para las actuales y las futuras generaciones.,3.10 incrementar el número de municipios que depuran las descargas de agua antes de verterlas al ambiente al 2021,,2017,2021
3.11,objetivo 3: garantizar los derechos de la naturaleza para las actuales y las futuras generaciones.,"3.11 reducir el índice de vulnerabilidad de alta a media, de la población, medios de vida y ecosistemas, frente al cambio climático, al 2021",,2017,2021
4.1,"objetivo 4: consolidar la sostenibilidad del sistema económico social y solidario, y afianzar la dolarización","4.1 mantener el ratio de la especie monetaria en relación al producto interno bruto en alrededor de 15,64% al 2021",,2017,2021
4.2,"objetivo 4: consolidar la sostenibilidad del sistema económico social y solidario, y afianzar la dolarización","4.2 aumentar el ratio del monto total de operaciones activas en los segmentos de crédito comercial y productivo del sfn con respecto del pib al 16,9% al 2021",,2017,2021
4.3,"objetivo 4: consolidar la sostenibilidad del sistema económico social y solidario, y afianzar la dolarización","4.3 aumentar el ratio de monto total de operaciones activas en el segmento de vivienda de interés público en relación al monto total de operaciones activas destinadas a vivienda del 12,6% al 20% al 2021.",,2017,2021
4.4,"objetivo 4: consolidar la sostenibilidad del sistema económico social y solidario, y afianzar la dolarización","4.4 incrementar el número de operaciones nuevas del segmento de microcrédito en relación al número total de nuevas operaciones del sistema financiero nacional del 10,34% a 11,44%, al 2021",,2017,2021
4.5,"objetivo 4: consolidar la sostenibilidad del sistema económico social y solidario, y afianzar la dolarización","4.5 disminuir el déficit del sector público no financiero a al menos -0,41% en el 2021",,2017,2021
4.6,"objetivo 4: consolidar la sostenibilidad del sistema económico social y solidario, y afianzar la dolarización","4.6 incrementar el saldo de la balanza comercial en relación al producto interno bruto de 1,26% a 1,65% al 2021.",,2017,2021
4.7,"objetivo 4: consolidar la sostenibilidad del sistema económico social y solidario, y afianzar la dolarización","4.7 incrementar la participación de la economía popular y solidaria en el monto de la contratación pública, al 2021",,2017,2021
4.8,"objetivo 4: consolidar la sostenibilidad del sistema económico social y solidario, y afianzar la dolarización","4.8 aumentar el porcentaje de compras totales que realizan los supermercados y/o similares a los actores de la economía popular y solidaria, artesanos, micro y pequeños y medianos proveedores nacionales al 2021",,2017,2021
4.9,"objetivo 4: consolidar la sostenibilidad del sistema económico social y solidario, y afianzar la dolarización",4.9 aumentar la recaudación de tributos directos en relación al total de la recaudación de tributos al 2021,,2017,2021
4.10,"objetivo 4: consolidar la sostenibilidad del sistema económico social y solidario, y afianzar la dolarización",4.10 mantener el ratio de recaudación neta de tributos sobre el producto interno bruto al 2021,,2017,2021
5.1,objetivo 5: impulsar la productividad y competitividad para el crecimiento económico sustentable de manera redistributiva y solidaria,"5.1 incrementar a 1,25 la relación del valor agregado bruto manufacturero sobre valor agregado bruto primario al 2021",,2017,2021
5.2,objetivo 5: impulsar la productividad y competitividad para el crecimiento económico sustentable de manera redistributiva y solidaria,5.2 incrementar las exportaciones agropecuarias y agroindustriales en al menos 33% al 2021,,2017,2021
5.3,objetivo 5: impulsar la productividad y competitividad para el crecimiento económico sustentable de manera redistributiva y solidaria,"5.3 aumentar de 98,9 a 112 el índice de productividad agrícola nacional al 2021",,2017,2021
5.4,objetivo 5: impulsar la productividad y competitividad para el crecimiento económico sustentable de manera redistributiva y solidaria,"5.4 incrementar de 68,8% al 90% la generación eléctrica a través de fuentes de energías renovables al 2021.",,2017,2021
5.5,objetivo 5: impulsar la productividad y competitividad para el crecimiento económico sustentable de manera redistributiva y solidaria,"5.5 incrementar de 4,65 a 5,60 el índice de desarrollo de tecnologías de la información y comunicación al 2021",,2017,2021
5.6,objetivo 5: impulsar la productividad y competitividad para el crecimiento económico sustentable de manera redistributiva y solidaria,"5.6 incrementar de 9.790,5 km. a 10.500 km., la red vial estatal al 2021",,2017,2021
5.7,objetivo 5: impulsar la productividad y competitividad para el crecimiento económico sustentable de manera redistributiva y solidaria,"5.7 incrementar de 13,81% a 30,24% el mantenimiento de la red vial estatal con modelos de gestión sostenibles hasta el 2021.",,2017,2021
5.8,objetivo 5: impulsar la productividad y competitividad para el crecimiento económico sustentable de manera redistributiva y solidaria,"5.8 incrementar el ahorro de combustible por la optimización en generación eléctrica y eficiencia energética en el sector hidrocarburos de 9,09 a 26,6 millones de barriles equivalentes de petróleo al 2021",7 9 12 13,2017,2021
5.9,objetivo 5: impulsar la productividad y competitividad para el crecimiento económico sustentable de manera redistributiva y solidaria,"5.9 incrementar el porcentaje de la inversión en i+d como porcentaje del producto interno bruto del 0,44% al 0,48% al 2021",9.7,2017,2021
5.10,objetivo 5: impulsar la productividad y competitividad para el crecimiento económico sustentable de manera redistributiva y solidaria,5.10 incrementar de 95 a 111 el número de solicitudes de patentes nacionales al 2021,9.7,2017,2021
5.11,objetivo 5: impulsar la productividad y competitividad para el crecimiento económico sustentable de manera redistributiva y solidaria,"5.11 incrementar a us$ 63,33 per cápita, las exportaciones de alta, media y baja intensidad tecnológica al 2021",,2017,2021
5.12,objetivo 5: impulsar la productividad y competitividad para el crecimiento económico sustentable de manera redistributiva y solidaria,"5.12 incrementar la tasa de empleo adecuado del 41,19% al 46,10% al 2021",8.5,2017,2021
5.13,objetivo 5: impulsar la productividad y competitividad para el crecimiento económico sustentable de manera redistributiva y solidaria,"5.13 disminuir el índice de concentración de exportaciones no petroleras por producto a 0,1240 al 2021",,2017,2021
5.14,objetivo 5: impulsar la productividad y competitividad para el crecimiento económico sustentable de manera redistributiva y solidaria,"5.14 aumentar el valor de las exportaciones no tradicionales de us$295 a us$375 per cápita, al 2021",,2017,2021
5.15,objetivo 5: impulsar la productividad y competitividad para el crecimiento económico sustentable de manera redistributiva y solidaria,"5.15 incrementar los ingresos por autogestión de las empresas públicas de la función ejecutiva de 75,8% a 77,6% al 2021.",,2017,2021
5.16,objetivo 5: impulsar la productividad y competitividad para el crecimiento económico sustentable de manera redistributiva y solidaria,5.16 mejorar el resultado de la balanza comercial no petrolera al 2021,,2017,2021
5.17,objetivo 5: impulsar la productividad y competitividad para el crecimiento económico sustentable de manera redistributiva y solidaria,5.17 aumentar el número de publicaciones científicas al 2021,,2017,2021
5.18,objetivo 5: impulsar la productividad y competitividad para el crecimiento económico sustentable de manera redistributiva y solidaria,5.18 incrementar el acceso de la economía popular y solidaria a mercados locales e internacionales al 2021,,2017,2021
5.19,objetivo 5: impulsar la productividad y competitividad para el crecimiento económico sustentable de manera redistributiva y solidaria,"5.19 incrementar el porcentaje de las actividades económicas que utilizan recursos de origen biológico como insumo para la provisión de bienes y servicios, al 2021",,2017,2021
5.20,objetivo 5: impulsar la productividad y competitividad para el crecimiento económico sustentable de manera redistributiva y solidaria,"5.20 incrementar la inversión directa del sector productivo en relación al producto interno bruto no petrolero, en condiciones que garanticen el ingreso de divisas, procesos limpios de producción, transferencia de tecnología y generación de empleo, al 2021",,2017,2021
5.21,objetivo 5: impulsar la productividad y competitividad para el crecimiento económico sustentable de manera redistributiva y solidaria,5.21 incrementar el índice de productividad media laboral a us$ 15.195 (por persona empleada) al 2021,,2017,2021
6.1,objetivo 6: desarrollar las capacidades productivas y del entorno para lograr la soberanía alimentaria y el desarrollo rural integral.,"6.1 reducir la incidencia de la pobreza por ingresos rural del 38,2% al 31,9% al 2021.",,2017,2021
6.2,objetivo 6: desarrollar las capacidades productivas y del entorno para lograr la soberanía alimentaria y el desarrollo rural integral.,"6.2 incrementar la tasa de empleo adecuado en área rural del 27,8% al 35,2% al 2021.",8.5,2017,2021
6.3,objetivo 6: desarrollar las capacidades productivas y del entorno para lograr la soberanía alimentaria y el desarrollo rural integral.,"6.3 reducir del 60,0% al 49,2% la tasa de pobreza multidimensional en el área rural al 2021",,2017,2021
6.4,objetivo 6: desarrollar las capacidades productivas y del entorno para lograr la soberanía alimentaria y el desarrollo rural integral.,6.4 incrementar el acceso a riego de 760.473 ha a 826.695 ha al 2021.,,2017,2021
6.5,objetivo 6: desarrollar las capacidades productivas y del entorno para lograr la soberanía alimentaria y el desarrollo rural integral.,"6.5 incrementar de 86,44% al 86,87% la participación de los alimentos producidos en el país en el consumo de los hogares ecuatorianos al 2021",,2017,2021
6.6,objetivo 6: desarrollar las capacidades productivas y del entorno para lograr la soberanía alimentaria y el desarrollo rural integral.,"6.6 aumentar la cobertura, calidad, y acceso a servicios de educación, con pertinencia cultural y territorial, en zonas rurales: alcanzar al menos el 95% en la tasa neta de asistencia a educación general básica en el área rural al 2021",,2017,2021
6.7,objetivo 6: desarrollar las capacidades productivas y del entorno para lograr la soberanía alimentaria y el desarrollo rural integral.,"6.7 aumentar la cobertura, calidad, y acceso a servicios de educación, con pertinencia cultural y territorial, en zonas rurales:incrementar de 64,47% al 75% la tasa neta de asistencia ajustada a bachillerato en el área rural, al 2021",,2017,2021
6.8,objetivo 6: desarrollar las capacidades productivas y del entorno para lograr la soberanía alimentaria y el desarrollo rural integral.,"6.8 aumentar la cobertura, calidad, y acceso a servicios de educación, con pertinencia cultural y territorial, en zonas rurales: incrementar del 7,35 a 8 la calificación a la educación pública en el área rural al 2021",,2017,2021
6.9,objetivo 6: desarrollar las capacidades productivas y del entorno para lograr la soberanía alimentaria y el desarrollo rural integral.,"6.9 aumentar la cobertura, calidad, y acceso a servicios de educación, con pertinencia cultural y territorial, en zonas rurales:incrementar el porcentaje de estudiantes matriculados en instituciones educativas que cuentan con al menos los siguientes servicios: a) electricidad b) internet con fines pedagógicos; c) computadoras con fines pedagógicos; d) espacios recreativos; e) agua; f) servicios higiénicos, del 58% al 70% en el área rural al 2021",,2017,2021
6.10,objetivo 6: desarrollar las capacidades productivas y del entorno para lograr la soberanía alimentaria y el desarrollo rural integral.,"6.10 mejorar la cobertura, calidad, y acceso a servicios de salud, justicia y seguridad integral, con pertinencia cultural y territorial, en zonas rurales, al 2021.",,2017,2021
6.11,objetivo 6: desarrollar las capacidades productivas y del entorno para lograr la soberanía alimentaria y el desarrollo rural integral.,6.11 incrementar al porcentaje de hogares en el área rural que cuentan con agua segura y saneamiento adecuado:incrementar el porcentaje de hogares que disponen de agua por tubería y saneamientoadecuado al 2021,6,2017,2021
6.12,objetivo 6: desarrollar las capacidades productivas y del entorno para lograr la soberanía alimentaria y el desarrollo rural integral.,6.12 incrementar al porcentaje de hogares en el área rural que cuentan con agua segura y saneamiento adecuado: incrementar el porcentaje de hogares que utiliza suministros seguros de agua para beber y servicios de saneamiento básico al 2021,6,2017,2021
6.13,objetivo 6: desarrollar las capacidades productivas y del entorno para lograr la soberanía alimentaria y el desarrollo rural integral.,6.13 incrementar al porcentaje de hogares en el área rural que cuentan con agua segura y saneamiento adecuado: incrementar el porcentaje de hogares que dispone de una instalación para lavarse las manos con agua y jabón al 2021,3 6.3 12,2017,2021
6.14,objetivo 6: desarrollar las capacidades productivas y del entorno para lograr la soberanía alimentaria y el desarrollo rural integral.,6.14 incrementar al porcentaje de hogares en el área rural que cuentan con agua segura y saneamiento adecuado: incrementar el porcentaje de hogares que utiliza suministros seguros de agua para beber al 2021,6,2017,2021
6.15,objetivo 6: desarrollar las capacidades productivas y del entorno para lograr la soberanía alimentaria y el desarrollo rural integral.,6.15 incrementar al porcentaje de hogares en el área rural que cuentan con agua segura y saneamiento adecuado:incrementar el porcentaje de hogares que usa servicios de saneamiento básico al 2021,6.2,2017,2021
6.16,objetivo 6: desarrollar las capacidades productivas y del entorno para lograr la soberanía alimentaria y el desarrollo rural integral.,6.16 reducir la concentración de la tierra al 2021,,2017,2021
6.17,objetivo 6: desarrollar las capacidades productivas y del entorno para lograr la soberanía alimentaria y el desarrollo rural integral.,6.17 aumentar la titularización de tierras al 2021,,2017,2021
6.18,objetivo 6: desarrollar las capacidades productivas y del entorno para lograr la soberanía alimentaria y el desarrollo rural integral.,6.18 reducir el margen de intermediación en productos alimenticios al 2021: mejorar el índice de intercambio.,,2017,2021
7.1,"objetivo 7: incentivar una sociedad libre y participativa, con un estado cercano con servicios de calidad y calidez","7.1 incrementar de 34,7% al 65%, el índice de calidad regulatoria y optimizar la carga regulatoria en las entidades de la función ejecutiva al 2021.",,2017,2021
7.2,"objetivo 7: incentivar una sociedad libre y participativa, con un estado cercano con servicios de calidad y calidez","7.2 aumentar del 6,6 a 8 el índice de percepción de calidad de los servicios públicos al 2021",,2017,2021
7.3,"objetivo 7: incentivar una sociedad libre y participativa, con un estado cercano con servicios de calidad y calidez","7.3 aumentar la cobertura, calidad, y acceso a servicios de justicia y seguridad integral: incrementar la confianza en la policía nacional del 6,5 a 6,64 al 2021",,2017,2021
7.4,"objetivo 7: incentivar una sociedad libre y participativa, con un estado cercano con servicios de calidad y calidez","7.4 aumentar la cobertura, calidad, y acceso a servicios, justicia y seguridad integral: aumentar el índice de confianza en las fuerzas armadas al 2021",,2017,2021
7.5,"objetivo 7: incentivar una sociedad libre y participativa, con un estado cercano con servicios de calidad y calidez","7.5 aumentar la cobertura, calidad, y acceso a servicios de justicia y seguridad integral: aumentar la confianza en el consejo de la judicatura al 2021",,2017,2021
7.6,"objetivo 7: incentivar una sociedad libre y participativa, con un estado cercano con servicios de calidad y calidez","7.6 aumentar la cobertura, calidad, y acceso a servicios de justicia y seguridad integral: aumentar la confianza en la fiscalía general del estado al 2021",,2017,2021
7.7,"objetivo 7: incentivar una sociedad libre y participativa, con un estado cercano con servicios de calidad y calidez","7.7 aumentar la cobertura, calidad, y acceso a servicios de justicia y seguridad integral: aumentar la confianza en la defensoría pública al 2021",,2017,2021
7.8,"objetivo 7: incentivar una sociedad libre y participativa, con un estado cercano con servicios de calidad y calidez",7.8 aumentar anualmente los ingresos propios recaudados por impuesto predial por parte de los gobiernos autónomos descentralizados municipales hasta el 2021,,2017,2021
7.9,"objetivo 7: incentivar una sociedad libre y participativa, con un estado cercano con servicios de calidad y calidez","7.9 incrementar de 0,56 a 0,65 el índice de gobierno electrónico al 2020",,2017,2021
7.10,"objetivo 7: incentivar una sociedad libre y participativa, con un estado cercano con servicios de calidad y calidez",7.10 aumentar el porcentaje de hogares con acceso a servicios públicos por territorios al 2021,,2017,2021
7.11,"objetivo 7: incentivar una sociedad libre y participativa, con un estado cercano con servicios de calidad y calidez",7.11 aumentar el índice de percepción de atención y calidad en el servicio público al ciudadano al 2021.,,2017,2021
7.17,"objetivo 7: incentivar una sociedad libre y participativa, con un estado cercano con servicios de calidad y calidez","7.17 incrementar el porcentaje de espacios nacionales de diálogo político cumplidos entre el ejecutivo, otras funciones del estado y los gobiernos autónomos descentralizados al 69,57% al 2021",,2017,2021
8.1,objetivo 8: promover la transparencia y la corresponsabilidad para una nueva ética social,8.1 mejorar los índices de percepción de discriminación y exclusión al 2021,,2017,2021
8.2,objetivo 8: promover la transparencia y la corresponsabilidad para una nueva ética social,8.2 mejorar los índices de percepción ciudadana sobre la corrupción en los sectores públicos y privados: mejorar el índice de transparencia pública (dimensión ciudadana) al 2021,,2017,2021
8.3,objetivo 8: promover la transparencia y la corresponsabilidad para una nueva ética social,8.3 mejorar los índices de percepción ciudadana sobre la corrupción en los sectores públicos y privados: mejorar el índice de transparencia pública (dimensión institucional) al 2021,,2017,2021
9.1,"objetivo 9: garantizar la soberanía y la paz, y posicionar estratégicamente al país en la región y en el mundo","9.1 liberar al país de minas terrestres conocidas en la frontera común ecuador-perú de 78,94% a 95% al 2021",,2017,2021
9.3,"objetivo 9: garantizar la soberanía y la paz, y posicionar estratégicamente al país en la región y en el mundo",9.3 incrementar el número de entradas internacionales de viajeros extranjeros al país de 1.418.159 a 2.027.620 al 2021,,2017,2021
9.4,"objetivo 9: garantizar la soberanía y la paz, y posicionar estratégicamente al país en la región y en el mundo","9.4 ampliar la plataforma continental ecuatoriana más allá de las 200 millas náuticas, incrementando el porcentaje de avance en la definición del límite exterior de 4,82% a 66,67% al 2021",,2017,2021
9.5,"objetivo 9: garantizar la soberanía y la paz, y posicionar estratégicamente al país en la región y en el mundo",9.5 incrementar el ingreso de divisas por concepto de turismo receptor de us$ 1.449 mm a us$ 2.195 mm al 2021,,2017,2021
9.6,"objetivo 9: garantizar la soberanía y la paz, y posicionar estratégicamente al país en la región y en el mundo",9.6 incrementar el cumplimiento de compromisos binacionales de 72.1% a 75% al 2021,,2017,2021
9.8,"objetivo 9: garantizar la soberanía y la paz, y posicionar estratégicamente al país en la región y en el mundo",9.8 mejorar el resultado de la balanza comercial no petrolera con países vecinos al 2021,,2017,2021
9.9,"objetivo 9: garantizar la soberanía y la paz, y posicionar estratégicamente al país en la región y en el mundo",9.9 incrementar la población con empleo en las principales actividades turísticas de 484.884 a 633.631 al 2021,,2017,2021
9.10,"objetivo 9: garantizar la soberanía y la paz, y posicionar estratégicamente al país en la región y en el mundo","9.10 incrementar el porcentaje de servicios en movilidad humana para el ejercicio y protección de derechos de las personas en movilidad humana del 86,31% al 91,59% al 2021",10.2 10.3 10.7 16.10 16.12,2017,2021
